id;nick_name;first_name;last_name;middle_name;beneficiary_id;beneficiary_type;address;nationality;telephone;date_of_birth;i_d_number;i_d_type;beneficiary_relation;beneficiary_city;beneficiary_phone_country_code;beneficiary_source_of_fund;beneficiary_zip_code;beneficiary_status;beneficiary_currency
1;Assistant;Katheryn;Toy;Pike Iceland Krona Compatible;Money Market Account Ergonomic Soft Computer wireless;Ball Reduced;Refined Wooden Soap Somoni;Utah SQL;1-666-686-2357;encompassing Computer mint green;National copying matrix;Concrete;tertiary;Wooden visualize Fantastic;navigate models;Sausages withdrawal;Borders Orchestrator;Latvian Lats;override Borders Fresh
2;solid state back-end card;Lavada;Kutch;bricks-and-clicks;online Savings Account;Health standardization Tasty;Handmade Soft Mouse Cambridgeshire;Connecticut synthesizing Auto Loan Account;663-739-5299;invoice FTP;International;sky blue Accounts Strategist;Alaska;Handcrafted Plastic Salad Indian Rupee Ngultrum;blue;Intelligent;Metrics;visualize auxiliary synthesize;Russian Ruble
3;Human Avon Wyoming;Audra;Anderson;compress Functionality;parallelism Mews Solutions;Configuration invoice;Internal invoice;hacking;235.060.2883 x579;Analyst Clothing quantify;Architect impactful;Democratic People's Republic of Korea Arizona Small Concrete Gloves;optical Accountability bottom-line;invoice solid state;Bacon Legacy functionalities;flexibility Lebanon;Surinam Dollar Books Legacy;Pre-emptive black;black Ergonomic
4;quantify North Korean Won invoice;Verna;Kling;THX;Solutions;Sweden Awesome Steel Cheese Estonia;collaborative Delaware;Consultant XSS Group;1-557-400-7925 x5088;Response;Handmade Licensed;methodologies;Handmade Metal Chair copying;transmit synergize intuitive;syndicate;payment;Bosnia and Herzegovina Principal Fresh;Integration bus;hacking
5;Cambridgeshire;Gene;Koepp;Focused Principal quantify;Gloves back-end Tuna;cross-platform;THX;supply-chains;(993) 852-1008 x22419;Books Pizza;client-server models Personal Loan Account;multi-byte;Wyoming Credit Card Account;Associate;payment;Western Sahara navigating;digital synthesize;Jewelery Bosnia and Herzegovina;incentivize functionalities aggregate
6;copy transmit;Judge;Stehr;Buckinghamshire;Berkshire;1080p;Creative Nebraska transmitter;model moratorium open-source;848-690-4857;withdrawal innovate Grove;Handcrafted Sleek Metal Ball;Movies Generic;Chicken;Granite policy Auto Loan Account;bypassing;Cambridgeshire wireless implementation;Berkshire;Seychelles;capacitor Operations azure
7;Intelligent Concrete Ball;Vicente;Purdy;Auto Loan Account application olive;protocol Director revolutionary;Mouse;United Kingdom;B2B;1-559-220-3060;turn-key Soft;override rich throughput;deposit payment;Rustic Rubber Tuna Point schemas;convergence;Soap;neural Unbranded;info-mediaries;Operations;Tunnel transmitter Incredible Granite Computer
8;Towels pricing structure;Davonte;Rosenbaum;open-source Greenland;Beauty Refined Frozen Table Views;Fundamental;Assurance circuit Chile;harness;(370) 725-2823;back-end Designer;complexity markets;Iceland;Operations Florida scale;Lebanese Pound Electronics interface;Macao holistic Pakistan;Handcrafted Rubber Pants Arkansas Networked;Rustic;SCSI neural;Cotton Personal Loan Account
9;haptic supply-chains 24/7;Luella;Pouros;convergence;Wooden magenta;Heard Island and McDonald Islands SQL monitor;Licensed Spur microchip;brand deliverables;1-376-426-1062 x8146;parse Paradigm;Ergonomic Concrete Keyboard Dynamic;programming;Plastic compelling;payment background;synthesize;Towels ROI;Palestinian Territory;user-facing magnetic Coordinator;firewall firewall Salad
10;e-commerce;Dolly;Dooley;Lead;Bacon;Fundamental Chicken Argentine Peso;Chief infrastructures;orange digital Monaco;727-641-7819 x689;HTTP;synergistic protocol tan;Iowa quantify Key;black generating Wisconsin;architect mint green;Argentine Peso;pink users;fault-tolerant Lithuanian Litas Computers;Drives;matrices web-readiness Chair
