id;first_name_arabic;father_name_arabic;grand_father_name_arabic;grand_father_name_english;place_of_birth;i_d_issue_date;i_d_expiry_date;marital_status;customer_id;profile_status
1;Assistant;Generic heuristic;program orchid Investment Account;Security;Team-oriented;pricing structure;mission-critical auxiliary;functionalities;sky blue Consultant Malta;alarm Licensed Rubber Bacon
2;Chile dedicated;users;mobile azure Soft;Implementation JBOD;Gorgeous Uzbekistan Sum;artificial intelligence;bypass Awesome Steel Tuna Spurs;Specialist copying;protocol;quantifying Handmade
3;violet Compatible primary;Credit Card Account;Algerian Dinar;Accounts Falkland Islands Pound;calculate initiatives Electronics;Cheese benchmark quantifying;Games invoice Pine;Nevada connect Handcrafted;FTP Rustic;Re-engineered
4;Refined Hat Hat;Central African Republic Georgia;Robust ivory Ports;Future;transmitting Home Loan Account;Handcrafted Metrics;Shirt Liaison;overriding Rustic Cotton Table;approach maroon Branding;Via
5;transmitting Virtual;initiatives multi-tasking;Generic Concrete Bacon Equatorial Guinea Fall;transitional Forint Steel;real-time;Clothing;upward-trending Checking Account overriding;Buckinghamshire Tala backing up;Future Egypt;Intranet Ramp Latvian Lats
6;Internal New Leu Licensed;Isle of Man Dynamic Meadows;Brand system-worthy Soft;Cocos (Keeling) Islands scale Checking Account;Maine bypass embrace;Specialist South Carolina indexing;monitor synthesizing salmon;Executive full-range back up;neural Games orange;multi-byte hard drive Loaf
7;microchip fuchsia;Fantastic invoice;Investment Account didactic Afghani;program Infrastructure;Wooden deposit;Loop Car backing up;Data Buckinghamshire;turquoise Specialist;Rhode Island Mandatory;Tajikistan
8;Ville payment Parkway;scalable Washington foreground;SSL;transparent Developer;Cambridgeshire uniform;quantify Savings Account;uniform;Human Internal Data;synthesize;radical Connecticut
9;leading edge Kiribati parse;Convertible Marks;Assistant Netherlands Antillian Guilder;Music Sao Tome and Principe;Solutions;Assistant applications;e-tailers;Home Loan Account;zero tolerance Lakes;Grocery
10;Ball Central Proactive;Comoro Franc Loaf generating;pixel reboot;Georgia Syrian Pound;Assistant Somalia Frozen;Plastic French Guiana;Agent;Checking Account Pula;calculating;Brand payment back up
