id;date_time;t_r_reference_no;beneficiary_name;pay_mode;bank_name;pay_out_amount;pay_out_currency;exchange_rate;pay_in_amount;pay_in_currency;commission;status;description;purpose_code;purpose_of_transfer
1;Car support Hat;override 4th generation;open-source;Personal Loan Account Chips;District pricing structure;Berkshire Pizza;Personal Loan Account Kiribati core;Rustic bandwidth-monitored Coordinator;bandwidth overriding;Savings Account;e-commerce;Cambridgeshire Sleek;embrace USB;Metal Malta Tuna;schemas red Chicken
2;International programming USB;array;Fantastic;hard drive Home Loan Account;Health Intelligent Fresh Chicken users;firewall;architectures Berkshire;Iraq;withdrawal;Fresh Steel Pennsylvania;Handcrafted Rustic Multi-channelled;Home;generate capability;copying olive;Home
3;empower;Soap;Dynamic;Grenada;Bedfordshire Cloned Auto Loan Account;Stand-alone Assimilated Implementation;Supervisor holistic;Sharable;Assurance world-class multi-tasking;Pizza Jamaica Taiwan;e-tailers Dynamic haptic;cutting-edge red Massachusetts;web services sensor Borders;Macedonia deposit Avon;azure
4;back up parse;deposit Oregon morph;Kentucky TCP;back up quantifying infrastructures;Spurs Fiji Dollar Roads;indexing payment;PNG;Unbranded Granite Keyboard withdrawal array;Chair;Fully-configurable Bike;Missouri withdrawal;Pennsylvania Inverse Architect;Shirt deposit transition;District teal Hryvnia;Small transmitter
5;primary;El Salvador Colon US Dollar;Garden envisioneer;high-level Credit Card Account;South Dakota primary utilisation;Strategist;Operations reinvent;Philippine Peso Personal Loan Account Plastic;Sports facilitate;Integration Savings Account withdrawal;user-facing;directional Programmable interactive;index Movies overriding;Gorgeous Sweden;application
6;reboot Operations;SAS Refined magnetic;Electronics Liaison;Parkways;solutions;Accountability;payment initiatives cross-platform;EXE Cordoba Oro SAS;Gibraltar Pound Liaison models;Steel;generate contextually-based;Tools Representative;Dynamic optical dedicated;Strategist vertical Customer-focused;end-to-end vortals Alabama
7;Savings Account Cotton Communications;bus Producer Specialist;markets;invoice;Minnesota withdrawal;Representative;payment Turkmenistan;Consultant;monitor parsing Landing;Practical Granite Salad;Borders Auto Loan Account;Music;payment architect;Investment Account Persistent;user-facing
8;Intelligent Rupiah back up;Cambridgeshire data-warehouse alarm;Coordinator;e-services Fantastic;Ball transmitter;copying Incredible;Practical Metal Car project;transparent Ecuador magenta;Cambodia invoice Lithuanian Litas;bluetooth Towels;migration Global;Tuna;invoice Investment Account;New Zealand Dollar;deposit
9;redundant Solutions;generating Rial Omani;red Cambridgeshire;online;transition;Fantastic Wooden Shoes Designer;programming;lime Borders;Cambridgeshire Product Berkshire;Home Loan Account;Washington payment;Computers payment;Pennsylvania District Mayotte;UAE Dirham;copy
10;JBOD withdrawal Avon;Practical Consultant AGP;Montana neural channels;Developer Dong;Algerian Dinar Implementation Hong Kong;virtual;Rustic;system-worthy;payment;dynamic;Cambridgeshire Manat;Product bypassing Avon;pink Investment Account Metal;Keyboard Auto Loan Account deposit;holistic Motorway e-business
