id;transaction_type;transaction_id;credit_debit_indicator;creation_date_time;status
1;firewall multi-tasking Dynamic;Awesome Wooden Cheese port Berkshire;leading edge;Clothing;invoice Illinois Investor
2;dot-com;Ball Rhode Island Bedfordshire;Coordinator Tactics program;Springs Money Market Account enable;withdrawal connecting
3;generate;Pakistan silver;plug-and-play SSL auxiliary;turquoise mesh pixel;Avon
4;Books PNG data-warehouse;Reverse-engineered Unbranded Wooden Bacon;neutral mint green seamless;contingency;Soft
5;Generic Mandatory Orchestrator;optical plug-and-play mint green;Gorgeous Soft Pizza hub;help-desk supply-chains;Re-engineered
6;Home Loan Account Savings Account;Jewelery;Belarussian Ruble sensor protocol;Swiss Franc Graphic Interface Cross-platform;online monetize
7;South Africa Legacy Coordinator;navigating New Mexico Keyboard;olive Orchestrator hack;Soft;Generic Concrete Fish
8;Taka;scale microchip scalable;Administrator;envisioneer invoice;Investment Account Unbranded Rubber Car
9;JBOD;Division;Checking Account invoice;utilize;Handcrafted Plastic analyzing
10;Applications web-readiness withdrawal;Cambridgeshire Response;Central;Developer;Tasty Soft Pants Sleek
