id;wallet_id;status;status_update_date_time;currency;account_type;account_sub_type;description
1;deposit holistic;copy;Oval calculating;Checking Account Latvia green;Intelligent;calculating multi-byte Norway;Saint Kitts and Nevis Switzerland
2;Designer Tala Bond Markets Units European Composite Unit (EURCO);Optional utilize deposit;Missouri;Soft logistical;calculating systems;Louisiana auxiliary;Representative
3;recontextualize;connect sensor;Interactions Developer;bypassing interface New Jersey;ability;virtual Handmade Concrete Table bypass;Croatian Kuna
4;Iowa;salmon;Frozen;override;transmitter neural Wisconsin;ivory;Technician Gorgeous
5;De-engineered transform;Trinidad and Tobago Dollar Soft Virtual;Organized;Vermont;Quality-focused;Sleek New Jersey;Customer-focused payment Alley
6;haptic Refined client-driven;Cloned circuit;Engineer;Car;Harbors frame;Officer;programming protocol Maryland
7;Licensed;National Legacy Bahrain;Programmable Pennsylvania;dynamic virtual;Alabama El Salvador payment;compressing;maroon programming Car
8;Credit Card Account;copy Licensed AI;Spur demand-driven Fish;cyan maximize Multi-lateral;Technician dot-com redundant;hacking Egypt Personal Loan Account;invoice transmitter compress
9;archive reboot District;Shoes;protocol bluetooth;matrix Buckinghamshire Open-source;Plaza;Pants Guinea Franc;Arizona Chair
10;Small;migration Borders sky blue;cohesive;Salad GB;benchmark EXE digital;Reverse-engineered Orchestrator District;back-end programming
